id,year,month,income
00031415,2021,6,178.49892435658418
00031415,2021,5,180.84673002689473
00031415,2021,4,175.40591661229598
00031415,2021,3,154.5063193162864
00031415,2021,2,140.83096860982857
00031415,2021,1,131.3733839248655
00031415,2020,12,154.816112294993
00031415,2020,11,154.9895614116343
00031415,2020,10,193.40336710703326
00031415,2020,9,193.38895401616077
00031415,2020,8,163.49643353430397
00031415,2020,7,159.4668644599819
00031415,2020,6,174.2598510985261
00031415,2020,5,171.2490776235429
00031415,2020,4,169.66994203668742
00031415,2020,3,154.2870259102774
00031415,2020,2,132.47650536619733
00031415,2020,1,127.54109948137803
00031415,2019,12,155.43475501956362
00031415,2019,11,153.1138395893901
00031415,2019,10,187.52944959356296
00031415,2019,9,188.5296902800296
00031415,2019,8,159.913606240383
00031415,2019,7,157.9572264639446
00031415,2019,6,164.09124368459982
00031415,2019,5,172.52589269211546
00031415,2019,4,161.82667421566967
00031415,2019,3,152.7400382979045
00031415,2019,2,129.53840494624023
00031415,2019,1,122.06384463462526
00031415,2018,12,149.7250236167077
00031415,2018,11,144.53295521284863
00031415,2018,10,182.32258241817357
00031415,2018,9,179.42762950380515
00031415,2018,8,156.27139611082362
00031415,2018,7,145.15717958984408
00628318,2021,6,177.52251392467437
00628318,2021,5,179.19321103554935
00628318,2021,4,172.94055822025092
00628318,2021,3,163.2761940947131
00628318,2021,2,142.83980602282256
00628318,2021,1,129.80311532656972
00628318,2020,12,153.2274275409141
00628318,2020,11,154.9257411486467
00628318,2020,10,196.36846082710113
00628318,2020,9,194.34923748138326
00628318,2020,8,167.5350980018237
00628318,2020,7,159.37352987206867
00628318,2020,6,170.34832620174814
00628318,2020,5,177.46774167545044
00628318,2020,4,166.18322398235367
00628318,2020,3,159.12342647055763
00628318,2020,2,131.8821437691244
00628318,2020,1,129.28754638337708
00628318,2019,12,149.46644356718696
00628318,2019,11,149.24387091615515
00628318,2019,10,185.40640255396931
00628318,2019,9,192.26294913897274
00628318,2019,8,153.2728482204849
00628318,2019,7,152.35727861690225
00628318,2019,6,166.51655284943664
00628318,2019,5,170.83146938702407
00628318,2019,4,155.4302613085574
00628318,2019,3,146.61967162509836
00628318,2019,2,129.5180405174003
00628318,2019,1,124.60684058061442
00628318,2018,12,149.0623736978324
00628318,2018,11,147.152349204794
00628318,2018,10,182.3859755147885
00628318,2018,9,188.1766910356385
00628318,2018,8,157.48717858257535
00628318,2018,7,149.68792378472455
27182818,2021,6,171.83796346191514
27182818,2021,5,177.2375193203106
27182818,2021,4,177.79071194793121
27182818,2021,3,153.81029584822338
27182818,2021,2,140.35901988138767
27182818,2021,1,131.87592561466698
27182818,2020,12,154.9825991451644
27182818,2020,11,161.4117609897524
27182818,2020,10,194.89197774134178
27182818,2020,9,189.5912075406233
27182818,2020,8,167.4745564957737
27182818,2020,7,160.23448070902162
27182818,2020,6,172.34566227786328
27182818,2020,5,179.13530024791515
27182818,2020,4,162.39686176054423
27182818,2020,3,160.41206846048854
27182818,2020,2,133.51868835834676
27182818,2020,1,126.19764018771293
27182818,2019,12,151.6749158124686
27182818,2019,11,152.43020625075636
27182818,2019,10,191.80108939204266
27182818,2019,9,185.615719124062
27182818,2019,8,162.84738575154915
27182818,2019,7,154.65782512770664
27182818,2019,6,164.1329901459906
27182818,2019,5,172.1420514932841
27182818,2019,4,156.48802606886062
27182818,2019,3,152.21437222981402
27182818,2019,2,129.33556829177257
27182818,2019,1,120.85076349983706
27182818,2018,12,147.4199916125524
27182818,2018,11,143.1143624437472
27182818,2018,10,181.07980642463843
27182818,2018,9,183.30020027440617
27182818,2018,8,152.4854784479078
27182818,2018,7,155.69834269993407
05772156,2021,6,176.2027759037479
05772156,2021,5,180.22590051292087
05772156,2021,4,169.45984332705018
05772156,2021,3,159.16168413930987
05772156,2021,2,140.38946270145328
05772156,2021,1,125.30684698246841
05772156,2020,12,155.4644108858688
05772156,2020,11,159.84101080762707
05772156,2020,10,190.71329452947066
05772156,2020,9,196.94279843968096
05772156,2020,8,165.64256615518377
05772156,2020,7,158.64775048954613
05772156,2020,6,173.5233695654404
05772156,2020,5,176.8266177206125
05772156,2020,4,168.8645113759004
05772156,2020,3,155.0450795128878
05772156,2020,2,137.23648298699283
05772156,2020,1,121.68878259825938
05772156,2019,12,151.71591422907454
05772156,2019,11,152.19024738439643
05772156,2019,10,186.12380921067344
05772156,2019,9,186.34277155496687
05772156,2019,8,165.4973000964026
05772156,2019,7,152.62163207492034
05772156,2019,6,166.605296085664
05772156,2019,5,171.29003949477575
05772156,2019,4,164.17483153212245
05772156,2019,3,151.10999069924142
05772156,2019,2,126.65720538168459
05772156,2019,1,120.1079163525653
05772156,2018,12,148.13787318181957
05772156,2018,11,147.04352437990084
05772156,2018,10,185.18500519508245
05772156,2018,9,180.89382374326595
05772156,2018,8,157.96324670811063
05772156,2018,7,151.38044461221511
16180339,2021,6,174.42632561417028
16180339,2021,5,184.06988785956221
16180339,2021,4,171.46884010591197
16180339,2021,3,160.07049110945192
16180339,2021,2,135.3365384007226
16180339,2021,1,129.18778117255192
16180339,2020,12,151.2745119363501
16180339,2020,11,152.31628688077072
16180339,2020,10,194.31577118693082
16180339,2020,9,194.19297801252375
16180339,2020,8,164.0735999064525
16180339,2020,7,160.68907563160002
16180339,2020,6,172.27140300023996
16180339,2020,5,171.6156248539519
16180339,2020,4,170.81866620354964
16180339,2020,3,159.8410121332559
16180339,2020,2,136.20237302835517
16180339,2020,1,125.74292970720529
16180339,2019,12,150.94153118232143
16180339,2019,11,152.7419931559189
16180339,2019,10,187.26681124504609
16180339,2019,9,183.3544990917309
16180339,2019,8,156.10378468313507
16180339,2019,7,155.05732375347753
16180339,2019,6,165.6751575200432
16180339,2019,5,169.81032550191182
16180339,2019,4,163.46488762510918
16180339,2019,3,147.6261634883193
16180339,2019,2,131.46271055264472
16180339,2019,1,117.13417425270936
16180339,2018,12,144.1213540653994
16180339,2018,11,145.14560560524242
16180339,2018,10,180.30016754441664
16180339,2018,9,184.54178031979922
16180339,2018,8,159.30924742982523
16180339,2018,7,154.6314147561603
14142135,2021,6,214.5080061806502
14142135,2021,5,220.54014803561324
14142135,2021,4,205.66519576457335
14142135,2021,3,191.25620007422899
14142135,2021,2,166.94241503700795
14142135,2021,1,154.28279554666705
14142135,2020,12,182.8514430132163
14142135,2020,11,185.294466089223
14142135,2020,10,227.87631310179592
14142135,2020,9,226.93530020967904
14142135,2020,8,194.84796754807834
14142135,2020,7,189.45980858588734
14142135,2020,6,204.18745316259384
14142135,2020,5,207.47880663100423
14142135,2020,4,196.07724583223956
14142135,2020,3,184.47810978405855
14142135,2020,2,153.85520677247573
14142135,2020,1,152.24179104677887
14142135,2019,12,177.13705940163368
14142135,2019,11,178.68980218547688
14142135,2019,10,220.9990825049799
14142135,2019,9,211.5660480326262
14142135,2019,8,189.95654789908477
14142135,2019,7,179.48597971625918
14142135,2019,6,188.9866243267373
14142135,2019,5,195.75712448760285
14142135,2019,4,180.99773314675656
14142135,2019,3,167.24463310438435
14142135,2019,2,145.73840625959087
14142135,2019,1,131.13536488569756
14142135,2018,12,162.1855570635284
14142135,2018,11,161.86786802109606
14142135,2018,10,201.35600183981097
14142135,2018,9,204.32460683560492
14142135,2018,8,170.99393348644426
14142135,2018,7,167.28011152199653
17320508,2021,6,214.20175765611773
17320508,2021,5,216.1907963344797
17320508,2021,4,209.47220816734955
17320508,2021,3,194.76392485966267
17320508,2021,2,169.58264156413205
17320508,2021,1,155.20126324413457
17320508,2020,12,186.05006524225027
17320508,2020,11,182.4910042435308
17320508,2020,10,228.28589127573
17320508,2020,9,226.20154221167041
17320508,2020,8,202.8134622624382
17320508,2020,7,188.6719348444636
17320508,2020,6,201.86092021022776
17320508,2020,5,207.89869358927092
17320508,2020,4,192.55349909980765
17320508,2020,3,181.7807075083958
17320508,2020,2,154.36261126996104
17320508,2020,1,145.6310164748654
17320508,2019,12,175.398605044362
17320508,2019,11,176.55846440782526
17320508,2019,10,212.39276048917057
17320508,2019,9,212.90053976963753
17320508,2019,8,183.1489219447264
17320508,2019,7,176.2543842078711
17320508,2019,6,191.50827850905992
17320508,2019,5,191.8860802791353
17320508,2019,4,183.46803865355304
17320508,2019,3,171.05232585288894
17320508,2019,2,144.68241126857035
17320508,2019,1,137.24282925074922
17320508,2018,12,164.50708089919436
17320508,2018,11,166.51529411665157
17320508,2018,10,203.73325319737123
17320508,2018,9,196.38563117434782
17320508,2018,8,169.907285058658
17320508,2018,7,163.1525324221076
22360679,2021,6,210.08772189233295
22360679,2021,5,219.14545212844828
22360679,2021,4,209.22831034176951
22360679,2021,3,191.57143812419355
22360679,2021,2,162.71420352729012
22360679,2021,1,154.4639442032058
22360679,2020,12,191.31715262657121
22360679,2020,11,185.61291468054236
22360679,2020,10,231.0994324363859
22360679,2020,9,228.25295099708194
22360679,2020,8,192.41261040980868
22360679,2020,7,188.76726945945725
22360679,2020,6,207.33266232040953
22360679,2020,5,208.45057949355703
22360679,2020,4,196.1796841704865
22360679,2020,3,176.2838859377364
22360679,2020,2,151.0191313327631
22360679,2020,1,142.6503513527358
22360679,2019,12,177.53369151606793
22360679,2019,11,175.63386660829045
22360679,2019,10,210.0564796576844
22360679,2019,9,215.31918240324632
22360679,2019,8,185.33113293479784
22360679,2019,7,173.81426416235047
22360679,2019,6,189.79895636008308
22360679,2019,5,188.65901562924108
22360679,2019,4,185.2139397696954
22360679,2019,3,170.1019795111979
22360679,2019,2,145.6738602793811
22360679,2019,1,134.2866752812312
22360679,2018,12,160.96580206950722
22360679,2018,11,162.8387403117317
22360679,2018,10,200.47695750597572
22360679,2018,9,203.243530813171
22360679,2018,8,172.9706757821246
22360679,2018,7,165.51154492445912
26457513,2021,6,213.68977968589377
26457513,2021,5,221.2015164192277
26457513,2021,4,208.3822400223561
26457513,2021,3,196.3145570734737
26457513,2021,2,168.3909398542565
26457513,2021,1,157.2003702050525
26457513,2020,12,180.56507672549242
26457513,2020,11,191.2109554894326
26457513,2020,10,230.97913823138214
26457513,2020,9,230.97593530404808
26457513,2020,8,194.76579757229612
26457513,2020,7,186.1656811193055
26457513,2020,6,198.69424484766463
26457513,2020,5,206.83039585959708
26457513,2020,4,196.84331856435531
26457513,2020,3,180.20381355581276
26457513,2020,2,159.2156824462199
26457513,2020,1,144.71484998248658
26457513,2019,12,175.01578374586495
26457513,2019,11,172.4492071100234
26457513,2019,10,219.32556664324414
26457513,2019,9,218.50576018118107
26457513,2019,8,185.33258877896347
26457513,2019,7,181.9019948782139
26457513,2019,6,185.92533502336954
26457513,2019,5,192.64187860659266
26457513,2019,4,182.79145986814052
26457513,2019,3,174.80556239935325
26457513,2019,2,149.35587997690317
26457513,2019,1,136.4145255812625
26457513,2018,12,163.07955137231187
26457513,2018,11,161.0452262229317
26457513,2018,10,198.8759074764215
26457513,2018,9,195.4080011829362
26457513,2018,8,169.83249454894442
26457513,2018,7,166.63743146231644
33166247,2021,6,210.34786089000013
33166247,2021,5,219.63845093546166
33166247,2021,4,210.8143146802563
33166247,2021,3,192.9039610206003
33166247,2021,2,169.05415209792852
33166247,2021,1,154.36119350600652
33166247,2020,12,187.0260327928754
33166247,2020,11,187.05772691578886
33166247,2020,10,230.18565179417573
33166247,2020,9,228.77225760450688
33166247,2020,8,198.68877781485787
33166247,2020,7,187.30285784839896
33166247,2020,6,201.44898682311572
33166247,2020,5,208.98915452450532
33166247,2020,4,191.7756907745301
33166247,2020,3,181.1809755249161
33166247,2020,2,154.79447675813623
33166247,2020,1,144.1897309407562
33166247,2019,12,175.8184487943698
33166247,2019,11,176.98748086144482
33166247,2019,10,215.87271766395514
33166247,2019,9,215.132270009296
33166247,2019,8,181.59875941732412
33166247,2019,7,177.51216685582483
33166247,2019,6,187.6629141361289
33166247,2019,5,192.40414289683056
33166247,2019,4,184.89956973668797
33166247,2019,3,171.69180161551986
33166247,2019,2,148.81892871061802
33166247,2019,1,138.95647799487452
33166247,2018,12,165.4331997276458
33166247,2018,11,165.85336648504097
33166247,2018,10,199.52472321718142
33166247,2018,9,200.42277335276103
33166247,2018,8,170.6769598026068
33166247,2018,7,167.5965538566922
00001729,2021,6,193.37061143489345
00001729,2021,5,195.4209711897783
00001729,2021,4,186.43214132342612
00001729,2021,3,169.37176053230118
00001729,2021,2,150.5514844891591
00001729,2021,1,139.44501245362326
00001729,2020,12,171.87709159824536
00001729,2020,11,175.7446374300636
00001729,2020,10,208.7932278261029
00001729,2020,9,215.73484295569355
00001729,2020,8,184.0622680341924
00001729,2020,7,172.7451143673348
00001729,2020,6,185.67980507905904
00001729,2020,5,189.53645279801577
00001729,2020,4,179.3287177334717
00001729,2020,3,169.53494065801357
00001729,2020,2,146.78199472918098
00001729,2020,1,131.48622079861008
00001729,2019,12,166.90960338215393
00001729,2019,11,166.19281502294538
00001729,2019,10,204.45773337779684
00001729,2019,9,205.02937397780653
00001729,2019,8,175.90529868164904
00001729,2019,7,166.9869481112112
00001729,2019,6,181.21021284332207
00001729,2019,5,174.4512260415491
00001729,2019,4,174.03341032702158
00001729,2019,3,161.50015724667333
00001729,2019,2,142.36779726199444
00001729,2019,1,135.1829597767348
00001729,2018,12,159.522198917447
00001729,2018,11,160.06218103119036
00001729,2018,10,195.97867095579764
00001729,2018,9,195.85266513087217
00001729,2018,8,167.31356407649915
00001729,2018,7,161.09249809442733
08121980,2021,6,192.8475644501248
08121980,2021,5,192.92470644936958
08121980,2021,4,189.21578138782385
08121980,2021,3,176.36691849904375
08121980,2021,2,150.86675189134712
08121980,2021,1,146.9961008340292
08121980,2020,12,169.08164682171244
08121980,2020,11,169.82583393798484
08121980,2020,10,207.98344564502807
08121980,2020,9,212.23280954678228
08121980,2020,8,182.29233457523716
08121980,2020,7,176.0110185458519
08121980,2020,6,188.4893175139715
08121980,2020,5,190.70988143113462
08121980,2020,4,180.63123769015087
08121980,2020,3,168.36381150726805
08121980,2020,2,146.38823800348146
08121980,2020,1,134.39138671666507
08121980,2019,12,162.37628928553934
08121980,2019,11,167.56282752904517
08121980,2019,10,204.614881324937
08121980,2019,9,205.54337445588877
08121980,2019,8,183.62812640357558
08121980,2019,7,170.9238875819885
08121980,2019,6,175.5249655474642
08121980,2019,5,186.33393930943973
08121980,2019,4,174.03736242945988
08121980,2019,3,167.95036032874862
08121980,2019,2,141.20867382752817
08121980,2019,1,131.3329299729495
08121980,2018,12,158.8462951386799
08121980,2018,11,160.1558080601904
08121980,2018,10,197.3572632363925
08121980,2018,9,196.27429026068003
08121980,2018,8,172.96394474127476
08121980,2018,7,167.44377885536423
17121903,2021,6,193.5017471545102
17121903,2021,5,193.33352639971392
17121903,2021,4,190.38462327081058
17121903,2021,3,175.5347486350896
17121903,2021,2,152.44814526175807
17121903,2021,1,143.39950852220167
17121903,2020,12,172.8074589047394
17121903,2020,11,170.91246605282433
17121903,2020,10,211.44993471348
17121903,2020,9,207.8684895020726
17121903,2020,8,183.26487699772514
17121903,2020,7,173.80354951989204
17121903,2020,6,188.81417744997805
17121903,2020,5,187.92072182875341
17121903,2020,4,181.67254715484978
17121903,2020,3,169.40181220294656
17121903,2020,2,148.91136841063854
17121903,2020,1,137.74429310899484
17121903,2019,12,162.33098056291087
17121903,2019,11,166.79282321340506
17121903,2019,10,203.74123011655132
17121903,2019,9,203.36048518132452
17121903,2019,8,172.27805914033732
17121903,2019,7,168.6068287784067
17121903,2019,6,187.27528948186546
17121903,2019,5,187.01417337022747
17121903,2019,4,172.53445020603615
17121903,2019,3,163.08258418907485
17121903,2019,2,140.33456235644306
17121903,2019,1,135.20425070648454
17121903,2018,12,156.67047429478183
17121903,2018,11,162.02751722295702
17121903,2018,10,194.74282327784024
17121903,2018,9,194.41372679262255
17121903,2018,8,164.86794648335706
17121903,2018,7,161.39062984175612
01011879,2021,6,192.76036499299644
01011879,2021,5,196.3153230231433
01011879,2021,4,187.3095190420812
01011879,2021,3,172.66172573966037
01011879,2021,2,146.04185514763367
01011879,2021,1,144.09733980902666
01011879,2020,12,171.1186169462256
01011879,2020,11,171.12439682666616
01011879,2020,10,209.06800922431694
01011879,2020,9,203.40870678797958
01011879,2020,8,180.9803012510411
01011879,2020,7,178.43867301582065
01011879,2020,6,184.74362201313858
01011879,2020,5,189.38531855173184
01011879,2020,4,182.2610033172656
01011879,2020,3,165.38191045955563
01011879,2020,2,144.13143550689657
01011879,2020,1,132.44061149565053
01011879,2019,12,161.6203026545956
01011879,2019,11,164.20682068804462
01011879,2019,10,206.13745181198843
01011879,2019,9,204.56654289581783
01011879,2019,8,170.8856692247418
01011879,2019,7,168.51691640381645
01011879,2019,6,176.10438140217357
01011879,2019,5,177.85653194918487
01011879,2019,4,170.91712872564753
01011879,2019,3,165.0508805700855
01011879,2019,2,141.73448945289363
01011879,2019,1,133.21880414391677
01011879,2018,12,154.0062630066481
01011879,2018,11,161.24395070386745
01011879,2018,10,198.8916634932659
01011879,2018,9,197.9056062462332
01011879,2018,8,167.51206270292388
01011879,2018,7,162.19993821728056
00001492,2021,6,186.40795779958322
00001492,2021,5,197.69990038503266
00001492,2021,4,181.1167092921702
00001492,2021,3,176.39282469948347
00001492,2021,2,152.01774463094966
00001492,2021,1,137.07583894341886
00001492,2020,12,168.05885642011356
00001492,2020,11,168.13430183531753
00001492,2020,10,212.30414157505183
00001492,2020,9,209.95015337812592
00001492,2020,8,178.68347785129313
00001492,2020,7,174.19984277663264
00001492,2020,6,185.34684398178305
00001492,2020,5,185.45771751338157
00001492,2020,4,181.2667866028634
00001492,2020,3,171.93226037221527
00001492,2020,2,144.92565401087944
00001492,2020,1,139.01712902741275
00001492,2019,12,163.28508984833877
00001492,2019,11,161.73279166941057
00001492,2019,10,204.44191648753605
00001492,2019,9,202.78265623968642
00001492,2019,8,176.26257133546946
00001492,2019,7,165.02262140914692
00001492,2019,6,180.99519431030203
00001492,2019,5,180.62595568918968
00001492,2019,4,176.22917413080708
00001492,2019,3,160.2221248863638
00001492,2019,2,140.1071852099496
00001492,2019,1,129.71303509657588
00001492,2018,12,159.92636704491377
00001492,2018,11,157.57573643150172
00001492,2018,10,195.6174828942166
00001492,2018,9,192.44428218691337
00001492,2018,8,173.4204799060391
00001492,2018,7,163.0290348096294
00000000,2021,6,235.8785048887399
00000000,2021,5,239.84468491653723
00000000,2021,4,225.25339622818575
00000000,2021,3,216.77366099474625
00000000,2021,2,182.68703395391998
00000000,2021,1,168.86084934584318
00000000,2020,12,205.65491661186192
00000000,2020,11,200.22576433484537
00000000,2020,10,252.80993418474574
00000000,2020,9,250.0677230174792
00000000,2020,8,210.19939553291812
00000000,2020,7,202.32951165378714
00000000,2020,6,215.7224386059585
00000000,2020,5,225.81130624807733
00000000,2020,4,213.9374274749742
00000000,2020,3,194.26476016019376
00000000,2020,2,170.78961716157326
00000000,2020,1,157.88954800602605
00000000,2019,12,193.2378980412299
00000000,2019,11,190.48752069030866
00000000,2019,10,233.54432432765557
00000000,2019,9,229.80445445161928
00000000,2019,8,206.36077017962336
00000000,2019,7,189.75266677626857
00000000,2019,6,204.40492067424515
00000000,2019,5,208.90854755053297
00000000,2019,4,196.27640126491684
00000000,2019,3,187.8903610794726
00000000,2019,2,158.6536050512501
00000000,2019,1,150.31056631008835
00000000,2018,12,179.1991078064311
00000000,2018,11,179.88379586954068
00000000,2018,10,218.20460855870968
00000000,2018,9,215.69279352260995
00000000,2018,8,186.36415858432377
00000000,2018,7,181.81480204621585
00000711,2021,6,228.28527960405978
00000711,2021,5,232.52458297929687
00000711,2021,4,225.86965734640523
00000711,2021,3,207.31341135484223
00000711,2021,2,182.0466135502749
00000711,2021,1,168.3129249608061
00000711,2020,12,200.49163804368047
00000711,2020,11,204.0408724114734
00000711,2020,10,248.45728566571879
00000711,2020,9,247.80221479434772
00000711,2020,8,215.6109335075234
00000711,2020,7,205.47970865520537
00000711,2020,6,212.2554705841286
00000711,2020,5,217.4920024208177
00000711,2020,4,209.771270423473
00000711,2020,3,194.98148297375997
00000711,2020,2,171.09325871757474
00000711,2020,1,157.7199617956096
00000711,2019,12,188.9338518182152
00000711,2019,11,189.23988585491347
00000711,2019,10,233.39017947516925
00000711,2019,9,232.51115258678539
00000711,2019,8,199.96906829975973
00000711,2019,7,192.21937614506533
00000711,2019,6,199.78669272320963
00000711,2019,5,201.71190413809506
00000711,2019,4,200.60101551711065
00000711,2019,3,187.76883270621173
00000711,2019,2,163.80698111145404
00000711,2019,1,148.01542904741208
00000711,2018,12,173.2846547961868
00000711,2018,11,177.75379865476924
00000711,2018,10,214.8032812417991
00000711,2018,9,213.72006708191896
00000711,2018,8,183.6644845896581
00000711,2018,7,180.17775979486964
07031876,2021,6,229.96362385852333
07031876,2021,5,234.41958292659484
07031876,2021,4,224.9985833571618
07031876,2021,3,209.04219372750262
07031876,2021,2,182.0904806812244
07031876,2021,1,170.86282402212797
07031876,2020,12,203.93341892738056
07031876,2020,11,202.85266018769036
07031876,2020,10,250.71118909956766
07031876,2020,9,249.83737727341688
07031876,2020,8,211.47872031846103
07031876,2020,7,207.28483859156503
07031876,2020,6,220.80146144097694
07031876,2020,5,222.98383067541732
07031876,2020,4,213.9213474562042
07031876,2020,3,201.3970013619445
07031876,2020,2,169.11340431204772
07031876,2020,1,159.9925144851013
07031876,2019,12,189.4282255158177
07031876,2019,11,190.65660314333508
07031876,2019,10,235.07791067380924
07031876,2019,9,231.71235168669085
07031876,2019,8,201.43830573199767
07031876,2019,7,193.92905754674968
07031876,2019,6,203.64676366598587
07031876,2019,5,208.37895844851013
07031876,2019,4,202.79225112453597
07031876,2019,3,185.44441623288319
07031876,2019,2,158.3865913974998
07031876,2019,1,145.89172499299042
07031876,2018,12,175.52997134793375
07031876,2018,11,176.49607247110964
07031876,2018,10,216.82849558394918
07031876,2018,9,217.7636892935587
07031876,2018,8,186.1717550497938
07031876,2018,7,177.95414429442914
00001928,2021,6,231.1931608703562
00001928,2021,5,237.66093309077624
00001928,2021,4,225.30814298970833
00001928,2021,3,208.55697461781142
00001928,2021,2,181.65417099363535
00001928,2021,1,175.40659004901673
00001928,2020,12,200.32800291264144
00001928,2020,11,202.429432970775
00001928,2020,10,244.2359070135533
00001928,2020,9,247.60467781778362
00001928,2020,8,213.52875020395152
00001928,2020,7,207.08202637313696
00001928,2020,6,218.49133129194541
00001928,2020,5,225.3826071977478
00001928,2020,4,209.8659840748638
00001928,2020,3,198.32764977517354
00001928,2020,2,167.62232674385766
00001928,2020,1,161.5102949797314
00001928,2019,12,190.718521647147
00001928,2019,11,187.9833120733286
00001928,2019,10,239.01681048343846
00001928,2019,9,233.62729056216028
00001928,2019,8,199.3230174052245
00001928,2019,7,191.88840460820836
00001928,2019,6,202.55231441060232
00001928,2019,5,212.21579505932294
00001928,2019,4,195.32316754158865
00001928,2019,3,185.95283984705702
00001928,2019,2,156.9448141421052
00001928,2019,1,149.38320218099298
00001928,2018,12,174.4129240333444
00001928,2018,11,176.8742839162584
00001928,2018,10,218.77544844830916
00001928,2018,9,218.99829011332812
00001928,2018,8,186.58511892977893
00001928,2018,7,178.17000592701123
21071969,2021,6,232.1154217491098
21071969,2021,5,236.39173849727482
21071969,2021,4,225.37700921976662
21071969,2021,3,204.97852732263294
21071969,2021,2,183.33251027339898
21071969,2021,1,170.75278833648557
21071969,2020,12,204.43102343291466
21071969,2020,11,202.11918254964496
21071969,2020,10,250.59525491983376
21071969,2020,9,246.40897568447565
21071969,2020,8,211.4527624336987
21071969,2020,7,205.87533263694618
21071969,2020,6,220.57948865328018
21071969,2020,5,223.03778241292855
21071969,2020,4,214.1859950144235
21071969,2020,3,192.73234806711187
21071969,2020,2,166.52026953276842
21071969,2020,1,159.68742635446245
21071969,2019,12,190.6788369655785
21071969,2019,11,190.8627009169116
21071969,2019,10,235.53375388823696
21071969,2019,9,234.2151654175902
21071969,2019,8,198.27392139525122
21071969,2019,7,193.80649908899122
21071969,2019,6,208.0635991909255
21071969,2019,5,212.06144827305658
21071969,2019,4,197.5910889195792
21071969,2019,3,185.1083027383172
21071969,2019,2,158.24271424021072
21071969,2019,1,146.28164257716384
21071969,2018,12,173.6669305580543
21071969,2018,11,180.62626034265162
21071969,2018,10,221.96368299900504
21071969,2018,9,219.1757092883887
21071969,2018,8,186.28758436670114
21071969,2018,7,177.15595942496722
28091895,2021,6,226.1230503867713
28091895,2021,5,232.67295553271728
28091895,2021,4,225.47225086465545
28091895,2021,3,211.43714018611269
28091895,2021,2,179.0344149707776
28091895,2021,1,166.06495596351135
28091895,2020,12,204.44433307306502
28091895,2020,11,202.44915888162794
28091895,2020,10,252.1960109386192
28091895,2020,9,251.78439978806756
28091895,2020,8,214.24311234746642
28091895,2020,7,209.48867118960655
28091895,2020,6,219.16707790827277
28091895,2020,5,227.1074419564011
28091895,2020,4,212.98746206877806
28091895,2020,3,203.95585001606077
28091895,2020,2,176.74530664518204
28091895,2020,1,164.0199962312124
28091895,2019,12,200.1363322341793
28091895,2019,11,199.2477157798581
28091895,2019,10,244.99581178979926
28091895,2019,9,243.91323755482864
28091895,2019,8,211.73695498275646
28091895,2019,7,198.83367945686308
28091895,2019,6,217.67408577643002
28091895,2019,5,223.05502356578532
28091895,2019,4,210.12067357125582
28091895,2019,3,188.86671267427235
28091895,2019,2,171.43621100748382
28091895,2019,1,157.5509277466499
28091895,2018,12,189.17364440631417
28091895,2018,11,191.41513563146788
28091895,2018,10,238.23262732674897
28091895,2018,9,237.26245255062625
28091895,2018,8,195.54266445168764
28091895,2018,7,194.63796105386223
09111989,2021,6,233.01291924022425
09111989,2021,5,238.00745188664254
09111989,2021,4,224.25936347397072
09111989,2021,3,209.74224254678543
09111989,2021,2,184.60673726184353
09111989,2021,1,168.8786952275876
09111989,2020,12,201.02234067805338
09111989,2020,11,203.02943116218512
09111989,2020,10,252.7617676927453
09111989,2020,9,250.27999888340076
09111989,2020,8,217.76568880185835
09111989,2020,7,205.23518428556696
09111989,2020,6,223.71442851401218
09111989,2020,5,233.62443748934817
09111989,2020,4,212.38822467526185
09111989,2020,3,202.78305839932952
09111989,2020,2,174.58792236494685
09111989,2020,1,164.81502650163415
09111989,2019,12,194.284451504084
09111989,2019,11,198.85497521251276
09111989,2019,10,243.77091947632556
09111989,2019,9,242.5123864704499
09111989,2019,8,212.57632440584186
09111989,2019,7,200.32912795128115
09111989,2019,6,212.51771966856688
09111989,2019,5,219.85953779691525
09111989,2019,4,208.00544913819138
09111989,2019,3,196.11640774629987
09111989,2019,2,167.75408087248007
09111989,2019,1,160.51854147476084
09111989,2018,12,193.16543379863285
09111989,2018,11,192.52452696813356
09111989,2018,10,238.5701291748979
09111989,2018,9,237.93305008824387
09111989,2018,8,202.97512246908673
09111989,2018,7,193.13104802710907
07111867,2021,6,226.77177006351536
07111867,2021,5,234.26438652881808
07111867,2021,4,223.32868509887004
07111867,2021,3,209.4723189141205
07111867,2021,2,178.3332550145383
07111867,2021,1,166.91730127930282
07111867,2020,12,201.9818985033434
07111867,2020,11,201.70452558697164
07111867,2020,10,250.36697721678163
07111867,2020,9,251.59119646454252
07111867,2020,8,219.26856077756108
07111867,2020,7,208.67963135332036
07111867,2020,6,221.36301918539644
07111867,2020,5,231.93512320419163
07111867,2020,4,217.15631434766013
07111867,2020,3,203.83260061470386
07111867,2020,2,173.71023964632386
07111867,2020,1,164.77993454478823
07111867,2019,12,196.96205075103637
07111867,2019,11,196.3748912580826
07111867,2019,10,236.6354242145761
07111867,2019,9,242.23235029707706
07111867,2019,8,209.3729999430713
07111867,2019,7,205.2021838194243
07111867,2019,6,220.84022776494882
07111867,2019,5,225.2662487523134
07111867,2019,4,208.44985879900773
07111867,2019,3,198.50129504149234
07111867,2019,2,169.22107452330562
07111867,2019,1,160.04330776984256
07111867,2018,12,185.9136013701706
07111867,2018,11,188.69231516471822
07111867,2018,10,233.90003897913533
07111867,2018,9,236.9519961095352
07111867,2018,8,202.89231052487492
07111867,2018,7,198.15073838921887
03121994,2021,6,228.6908366513173
03121994,2021,5,228.3250636726586
03121994,2021,4,223.25198100612118
03121994,2021,3,208.84230809724423
03121994,2021,2,179.34462551848958
03121994,2021,1,170.21644205982673
03121994,2020,12,201.50834821349554
03121994,2020,11,205.34646765547487
03121994,2020,10,255.41840298839662
03121994,2020,9,250.97400518754012
03121994,2020,8,218.96525935055217
03121994,2020,7,209.99737931846653
03121994,2020,6,221.36511151263272
03121994,2020,5,227.93755172344865
03121994,2020,4,217.98476446220022
03121994,2020,3,201.35251649827669
03121994,2020,2,176.0468027514992
03121994,2020,1,165.50066316620544
03121994,2019,12,194.96193631318073
03121994,2019,11,197.33610180722508
03121994,2019,10,243.60748342467772
03121994,2019,9,244.393199230093
03121994,2019,8,210.30436299692656
03121994,2019,7,203.3194730359849
03121994,2019,6,213.98462813658546
03121994,2019,5,220.6587644337099
03121994,2019,4,207.47297052587362
03121994,2019,3,194.73269740102387
03121994,2019,2,171.92458660400487
03121994,2019,1,156.75404608535564
03121994,2018,12,192.58102883599054
03121994,2018,11,194.55986268157534
03121994,2018,10,237.61328661983038
03121994,2018,9,231.86949519946222
03121994,2018,8,204.25324299696956
03121994,2018,7,194.25257147357414
01011983,2021,6,230.54484347404573
01011983,2021,5,233.81311423108437
01011983,2021,4,226.6442036500815
01011983,2021,3,207.48311456393387
01011983,2021,2,181.6783610003235
01011983,2021,1,173.12266364104778
01011983,2020,12,202.13519629756567
01011983,2020,11,203.4206215788214
01011983,2020,10,251.01981221833623
01011983,2020,9,250.39909782566025
01011983,2020,8,215.76883451915833
01011983,2020,7,208.29908648484036
01011983,2020,6,221.33384941646528
01011983,2020,5,232.5367911117551
01011983,2020,4,217.6356008639333
01011983,2020,3,201.22515000181073
01011983,2020,2,177.36049873826667
01011983,2020,1,162.22288080751835
01011983,2019,12,193.58119264594538
01011983,2019,11,195.08303595597306
01011983,2019,10,243.17017978667099
01011983,2019,9,239.00879307262437
01011983,2019,8,211.8196090787929
01011983,2019,7,199.02961984917908
01011983,2019,6,216.00017364035537
01011983,2019,5,218.40308144976242
01011983,2019,4,209.0618241420967
01011983,2019,3,196.13332462997707
01011983,2019,2,168.83771022221708
01011983,2019,1,157.59221623726106
01011983,2018,12,190.67210468743826
01011983,2018,11,190.5559981075285
01011983,2018,10,233.58556799259958
01011983,2018,9,235.23084139364025
01011983,2018,8,203.12297386988598
01011983,2018,7,195.19253131401945
10000300,2021,6,280.0627603439883
10000300,2021,5,282.82370721930886
10000300,2021,4,269.5006239737971
10000300,2021,3,249.15970062980253
10000300,2021,2,217.05822369080877
10000300,2021,1,202.53862504518256
10000300,2020,12,243.9726074073484
10000300,2020,11,241.51366730344938
10000300,2020,10,295.5004778244045
10000300,2020,9,296.80077709673867
10000300,2020,8,256.26578178602705
10000300,2020,7,246.6541713750368
10000300,2020,6,262.793602771062
10000300,2020,5,268.14365783921124
10000300,2020,4,251.93218859067653
10000300,2020,3,233.3931154584252
10000300,2020,2,203.12488439659938
10000300,2020,1,189.2802141807457
10000300,2019,12,224.43178830747794
10000300,2019,11,231.11145858972307
10000300,2019,10,279.1279309253883
10000300,2019,9,277.3266351833245
10000300,2019,8,245.57330369250136
10000300,2019,7,230.359082775466
10000300,2019,6,246.9599390600233
10000300,2019,5,250.2594112362654
10000300,2019,4,236.84182923770678
10000300,2019,3,221.0310197923598
10000300,2019,2,189.40351025326748
10000300,2019,1,177.81446060145782
10000300,2018,12,210.4621746631455
10000300,2018,11,212.68645408939008
10000300,2018,10,258.28622101893006
10000300,2018,9,263.90499981198104
10000300,2018,8,225.8161822564213
10000300,2018,7,213.4485410595533
23091846,2021,6,279.8584072883686
23091846,2021,5,283.8766796614242
23091846,2021,4,271.89033387995994
23091846,2021,3,250.80878433489994
23091846,2021,2,215.4024790024009
23091846,2021,1,202.37383431068653
23091846,2020,12,242.3871679423492
23091846,2020,11,241.16049045116705
23091846,2020,10,297.5680833252237
23091846,2020,9,297.67054694027235
23091846,2020,8,259.7857921707028
23091846,2020,7,244.336791493715
23091846,2020,6,259.43299736932204
23091846,2020,5,270.2711499329894
23091846,2020,4,254.02183303422328
23091846,2020,3,232.14754326762014
23091846,2020,2,204.38661865806344
23091846,2020,1,189.0594511451699
23091846,2019,12,224.18936215043144
23091846,2019,11,228.19087806690388
23091846,2019,10,279.35897324890755
23091846,2019,9,279.4453584669946
23091846,2019,8,236.52217072029072
23091846,2019,7,229.28153171785183
23091846,2019,6,244.40330956081323
23091846,2019,5,251.52619793582915
23091846,2019,4,237.16181157507165
23091846,2019,3,222.47653758719812
23091846,2019,2,191.05824255091903
23091846,2019,1,182.56880073456728
23091846,2018,12,212.02453456315317
23091846,2018,11,212.3418024620594
23091846,2018,10,264.3801179394749
23091846,2018,9,261.943945925683
23091846,2018,8,226.88111065540286
23091846,2018,7,213.80869651317278
66260701,2021,6,278.014829589138
66260701,2021,5,283.7412863384552
66260701,2021,4,273.11284453318774
66260701,2021,3,252.43654657282167
66260701,2021,2,215.94556019818287
66260701,2021,1,202.37020497694186
66260701,2020,12,241.8517046333986
66260701,2020,11,242.02880595005047
66260701,2020,10,300.1110431094412
66260701,2020,9,299.0799638538166
66260701,2020,8,253.74169934335146
66260701,2020,7,243.79732671917444
66260701,2020,6,258.2644123686928
66260701,2020,5,262.90552396253554
66260701,2020,4,253.45111513294927
66260701,2020,3,236.4099967183243
66260701,2020,2,204.70738180194542
66260701,2020,1,193.04160864140653
66260701,2019,12,230.36106500788745
66260701,2019,11,225.6566366877852
66260701,2019,10,281.6129026390095
66260701,2019,9,280.1385204399935
66260701,2019,8,240.9949634978158
66260701,2019,7,230.74460771741226
66260701,2019,6,245.99977712507342
66260701,2019,5,246.58945212607338
66260701,2019,4,239.83406600218981
66260701,2019,3,218.6517189398336
66260701,2019,2,193.68475706557447
66260701,2019,1,178.8476109957883
66260701,2018,12,211.3541055651843
66260701,2018,11,216.45017629977892
66260701,2018,10,259.97891289467225
66260701,2018,9,259.1972866833338
66260701,2018,8,223.36957743980048
66260701,2018,7,215.55390739840382
25121642,2021,6,272.67479534886775
25121642,2021,5,284.754473363394
25121642,2021,4,266.633260843403
25121642,2021,3,256.95809370671105
25121642,2021,2,216.50927700462512
25121642,2021,1,201.58650635080366
25121642,2020,12,241.59599049092947
25121642,2020,11,241.92825072007227
25121642,2020,10,299.0100049043406
25121642,2020,9,295.15190119993133
25121642,2020,8,251.34258393155986
25121642,2020,7,244.38857473732133
25121642,2020,6,259.7845849371951
25121642,2020,5,270.9853489044024
25121642,2020,4,254.39678559729217
25121642,2020,3,234.5596923575156
25121642,2020,2,204.05824510299973
25121642,2020,1,190.97080343298228
25121642,2019,12,229.67911341690746
25121642,2019,11,226.76085388252795
25121642,2019,10,278.68314972673096
25121642,2019,9,279.8215359356426
25121642,2019,8,241.75916606836813
25121642,2019,7,228.60451898320756
25121642,2019,6,244.821350357547
25121642,2019,5,250.70982427912352
25121642,2019,4,239.2043695913956
25121642,2019,3,221.00766415437286
25121642,2019,2,190.7279299363124
25121642,2019,1,177.26836743168604
25121642,2018,12,212.33059512346895
25121642,2018,11,212.83426212474524
25121642,2018,10,257.7527692547078
25121642,2018,9,259.0144630544805
25121642,2018,8,226.15622889068092
25121642,2018,7,219.32163616121946
15021564,2021,6,276.21496827302866
15021564,2021,5,289.263494969879
15021564,2021,4,265.8925420368111
15021564,2021,3,251.3986234555513
15021564,2021,2,219.21493214060246
15021564,2021,1,203.85743644336173
15021564,2020,12,244.62445694443704
15021564,2020,11,243.1835754677319
15021564,2020,10,298.52967993751145
15021564,2020,9,298.1891082172822
15021564,2020,8,257.6238475366324
15021564,2020,7,248.0170620925023
15021564,2020,6,261.1541002167308
15021564,2020,5,265.23323325673005
15021564,2020,4,249.98830410098316
15021564,2020,3,234.89880280182285
15021564,2020,2,200.75614170801072
15021564,2020,1,190.95154068297526
15021564,2019,12,224.19818530436922
15021564,2019,11,228.93554209265545
15021564,2019,10,279.7035300865538
15021564,2019,9,280.29531470667916
15021564,2019,8,236.40934719020777
15021564,2019,7,231.60330184674646
15021564,2019,6,246.35545564922973
15021564,2019,5,250.9979199403724
15021564,2019,4,235.33991073506544
15021564,2019,3,220.0065082049557
15021564,2019,2,190.63498073464874
15021564,2019,1,175.32905370306688
15021564,2018,12,213.0836080374083
15021564,2018,11,208.51118146933825
15021564,2018,10,260.5795987171047
15021564,2018,9,262.0723757825642
15021564,2018,8,223.31735024674697
15021564,2018,7,213.57188302732882
05091946,2021,6,154.18040539375448
05091946,2021,5,162.0295465300259
05091946,2021,4,156.39598528679525
05091946,2021,3,147.45847116864337
05091946,2021,2,131.63345257881736
05091946,2021,1,124.33285802956287
05091946,2020,12,152.38586246919556
05091946,2020,11,153.76758330889223
05091946,2020,10,197.54281562127164
05091946,2020,9,193.11430689595284
05091946,2020,8,172.06520524516625
05091946,2020,7,166.10494200382146
05091946,2020,6,177.26316696171156
05091946,2020,5,187.97009998043305
05091946,2020,4,182.40826159582107
05091946,2020,3,167.89026358407182
05091946,2020,2,150.46570927412102
05091946,2020,1,144.20101277173768
05091946,2019,12,169.94915350933078
05091946,2019,11,175.7344681358628
05091946,2019,10,221.82942164017692
05091946,2019,9,222.0724338048916
05091946,2019,8,194.45763799433732
05091946,2019,7,189.2054351617127
05091946,2019,6,203.1981329868819
05091946,2019,5,213.06310253824842
05091946,2019,4,202.46103029292007
05091946,2019,3,192.11674896758237
05091946,2019,2,171.35722437462033
05091946,2019,1,154.6078637687899
05091946,2018,12,192.29699348362197
05091946,2018,11,194.81189369453784
05091946,2018,10,243.3779990963838
05091946,2018,9,248.77667200032866
05091946,2018,8,217.36618455191757
05091946,2018,7,205.66599619278915
00001978,2021,6,153.75264840879728
00001978,2021,5,158.86741423248978
00001978,2021,4,159.03662561150693
00001978,2021,3,147.15087421950386
00001978,2021,2,128.87355509134724
00001978,2021,1,123.15711976770885
00001978,2020,12,150.1685908097111
00001978,2020,11,160.75217742134095
00001978,2020,10,195.2287551387181
00001978,2020,9,196.92852053546733
00001978,2020,8,169.9634363129578
00001978,2020,7,165.45804195939178
00001978,2020,6,181.06198528737085
00001978,2020,5,189.97678768873118
00001978,2020,4,179.26760846152072
00001978,2020,3,166.22435978653868
00001978,2020,2,151.595654686128
00001978,2020,1,147.28651980534733
00001978,2019,12,172.77802111772013
00001978,2019,11,171.3190737828236
00001978,2019,10,217.58185080918636
00001978,2019,9,217.96689641633176
00001978,2019,8,189.61763504775672
00001978,2019,7,187.61491795795072
00001978,2019,6,201.90373950453463
00001978,2019,5,212.54321511836446
00001978,2019,4,202.00659752630477
00001978,2019,3,193.04206467985207
00001978,2019,2,166.97493589362116
00001978,2019,1,157.7782090460713
00001978,2018,12,191.23098689275733
00001978,2018,11,196.5769610609746
00001978,2018,10,242.54940306077003
00001978,2018,9,243.91997897196504
00001978,2018,8,218.94457138015085
00001978,2018,7,207.7183918026992
00001979,2021,6,153.04716800476865
00001979,2021,5,164.92961741257574
00001979,2021,4,153.46560005559633
00001979,2021,3,150.48695215832194
00001979,2021,2,132.79728209911738
00001979,2021,1,122.0857340443119
00001979,2020,12,146.64969911476635
00001979,2020,11,157.96411162827593
00001979,2020,10,191.02402006889557
00001979,2020,9,194.67473103323724
00001979,2020,8,178.94003114461051
00001979,2020,7,160.99562729709638
00001979,2020,6,178.82560869584762
00001979,2020,5,189.0759368374982
00001979,2020,4,176.08818182248507
00001979,2020,3,165.78377209828588
00001979,2020,2,146.0028672310491
00001979,2020,1,140.85559100502866
00001979,2019,12,176.26716159859166
00001979,2019,11,174.3489617840598
00001979,2019,10,220.81364170667212
00001979,2019,9,223.26967172736806
00001979,2019,8,194.03798725332393
00001979,2019,7,190.50055344959904
00001979,2019,6,204.99477383076598
00001979,2019,5,212.57768130840594
00001979,2019,4,205.30040067920916
00001979,2019,3,192.44717995609375
00001979,2019,2,167.49224280453726
00001979,2019,1,160.61020530697323
00001979,2018,12,190.94043794740347
00001979,2018,11,199.28118179621237
00001979,2018,10,246.3733796802598
00001979,2018,9,245.4707880391825
00001979,2018,8,214.20336277745534
00001979,2018,7,204.26817262527044
00001998,2021,6,157.1309054335702
00001998,2021,5,168.29982623429657
00001998,2021,4,160.99230126280617
00001998,2021,3,148.64529411616283
00001998,2021,2,134.17874878589268
00001998,2021,1,121.41071038257762
00001998,2020,12,148.0883657179875
00001998,2020,11,158.1870331104554
00001998,2020,10,192.80447403433624
00001998,2020,9,197.81460475748216
00001998,2020,8,171.76435775892236
00001998,2020,7,166.72070431096364
00001998,2020,6,181.94834945215464
00001998,2020,5,185.53950293831028
00001998,2020,4,180.5347660062606
00001998,2020,3,173.9188036208928
00001998,2020,2,149.64199868824568
00001998,2020,1,139.51105723794302
00001998,2019,12,170.62038512726963
00001998,2019,11,178.10811338146203
00001998,2019,10,217.52514948673794
00001998,2019,9,216.27470711625216
00001998,2019,8,192.5472168719892
00001998,2019,7,186.97627832953475
00001998,2019,6,204.3446999009741
00001998,2019,5,211.0937716184383
00001998,2019,4,202.60653896229496
00001998,2019,3,190.88454004737815
00001998,2019,2,164.9875150787642
00001998,2019,1,163.3438111431745
00001998,2018,12,192.48124784491782
00001998,2018,11,196.99245758159518
00001998,2018,10,246.82611403683572
00001998,2018,9,243.85785516622423
00001998,2018,8,217.8276692830832
00001998,2018,7,209.66499378442575
00002018,2021,6,155.2952004390507
00002018,2021,5,162.43403459324793
00002018,2021,4,156.75646613397234
00002018,2021,3,153.64568789167896
00002018,2021,2,129.5770786800261
00002018,2021,1,123.41215645897402
00002018,2020,12,154.78197953562918
00002018,2020,11,158.10517268942448
00002018,2020,10,191.34892644281288
00002018,2020,9,194.45072179429474
00002018,2020,8,171.148019349781
00002018,2020,7,169.80100869464658
00002018,2020,6,180.67884023711275
00002018,2020,5,187.0430369568558
00002018,2020,4,181.98787485324078
00002018,2020,3,169.8846219699716
00002018,2020,2,151.73898472519488
00002018,2020,1,145.3705738293071
00002018,2019,12,173.91045130188303
00002018,2019,11,178.91188722119514
00002018,2019,10,216.7448426179673
00002018,2019,9,223.18669544353318
00002018,2019,8,192.48190637079938
00002018,2019,7,188.80169610717368
00002018,2019,6,204.1092016828028
00002018,2019,5,208.97177365194844
00002018,2019,4,204.75997916345142
00002018,2019,3,193.58425451866333
00002018,2019,2,169.28682561222828
00002018,2019,1,156.50842659691443
00002018,2018,12,193.6325941199908
00002018,2018,11,197.06666049288992
00002018,2018,10,246.62350532631112
00002018,2018,9,248.35527076542803
00002018,2018,8,215.22455095950102
00002018,2018,7,215.04737482986937
23061912,2021,6,187.35797905642235
23061912,2021,5,196.74447126178086
23061912,2021,4,189.9072856459044
23061912,2021,3,176.88234576689214
23061912,2021,2,153.82159638758765
23061912,2021,1,147.89415003919464
23061912,2020,12,179.7484969801684
23061912,2020,11,183.0846263583025
23061912,2020,10,229.87160061818963
23061912,2020,9,228.5543523810143
23061912,2020,8,198.97261389652553
23061912,2020,7,192.85804335259272
23061912,2020,6,211.45863999595232
23061912,2020,5,215.77421540397793
23061912,2020,4,207.0478966589642
23061912,2020,3,199.27779581016478
23061912,2020,2,172.11191190333918
23061912,2020,1,159.76331704769757
23061912,2019,12,197.30607543037507
23061912,2019,11,199.52145777512695
23061912,2019,10,250.9689386449202
23061912,2019,9,251.23593399596368
23061912,2019,8,217.65989264336687
23061912,2019,7,213.27504064430593
23061912,2019,6,228.854978964963
23061912,2019,5,235.34157904454997
23061912,2019,4,226.30451763886674
23061912,2019,3,211.41818738643073
23061912,2019,2,188.0305981474098
23061912,2019,1,177.48774174903247
23061912,2018,12,213.08597477942334
23061912,2018,11,220.0255718399558
23061912,2018,10,272.7093752253123
23061912,2018,9,274.3594952515807
23061912,2018,8,240.67984789056996
23061912,2018,7,230.92738706497445
00001859,2021,6,189.61180483925483
00001859,2021,5,196.69442667499203
00001859,2021,4,184.6316197171689
00001859,2021,3,182.9072825737816
00001859,2021,2,155.90529313346116
00001859,2021,1,149.34181890189686
00001859,2020,12,175.37220677547884
00001859,2020,11,187.0852042952002
00001859,2020,10,230.13590090314688
00001859,2020,9,229.53020693214577
00001859,2020,8,199.45189895868765
00001859,2020,7,195.16831615269194
00001859,2020,6,210.47156838793404
00001859,2020,5,219.02865968719448
00001859,2020,4,213.03955209776655
00001859,2020,3,195.0817013534943
00001859,2020,2,173.1124846150743
00001859,2020,1,164.2582247990014
00001859,2019,12,199.21432486061087
00001859,2019,11,202.6788661507105
00001859,2019,10,251.7009606651368
00001859,2019,9,252.86695781929006
00001859,2019,8,221.89668451635848
00001859,2019,7,212.24431048597242
00001859,2019,6,232.57716540581137
00001859,2019,5,234.7071890882779
00001859,2019,4,230.99285120187426
00001859,2019,3,216.12566239300327
00001859,2019,2,184.90998077286508
00001859,2019,1,178.64844857822303
00001859,2018,12,218.06755952823934
00001859,2018,11,218.31511296143245
00001859,2018,10,268.2795960272092
00001859,2018,9,276.176441484059
00001859,2018,8,236.0279166426029
00001859,2018,7,228.84809514188848
22091791,2021,6,192.66126670575483
22091791,2021,5,197.44709505705066
22091791,2021,4,190.01663511975406
22091791,2021,3,175.52912037259674
22091791,2021,2,158.32543793658718
22091791,2021,1,147.50460314171517
22091791,2020,12,179.42874098850217
22091791,2020,11,182.5233362844927
22091791,2020,10,232.7506462116835
22091791,2020,9,230.40660181217572
22091791,2020,8,193.4155154542517
22091791,2020,7,196.69699019986325
22091791,2020,6,210.19926578223786
22091791,2020,5,213.08142625079785
22091791,2020,4,210.3872544344262
22091791,2020,3,197.66348901330485
22091791,2020,2,170.82369375289773
22091791,2020,1,160.19747575392705
22091791,2019,12,201.1497269460058
22091791,2019,11,202.57943206663828
22091791,2019,10,246.04664676670893
22091791,2019,9,254.56681404270282
22091791,2019,8,217.5710939835146
22091791,2019,7,211.14321564947366
22091791,2019,6,227.27260293645801
22091791,2019,5,237.97481591817552
22091791,2019,4,226.97793178276308
22091791,2019,3,218.38907051855793
22091791,2019,2,185.4211414959372
22091791,2019,1,177.90292140014932
22091791,2018,12,213.33775765388123
22091791,2018,11,221.54013555850915
22091791,2018,10,275.3233362639699
22091791,2018,9,273.8005087093121
22091791,2018,8,241.73064948972714
22091791,2018,7,232.2132813549281
20071822,2021,6,188.26077929899253
20071822,2021,5,196.27214666609535
20071822,2021,4,187.87624049864573
20071822,2021,3,179.34145808758385
20071822,2021,2,154.98182826539968
20071822,2021,1,155.04835091333297
20071822,2020,12,181.32013156123293
20071822,2020,11,182.77377863130093
20071822,2020,10,223.68316597493313
20071822,2020,9,232.5785201005521
20071822,2020,8,204.04392305567043
20071822,2020,7,195.92027033498545
20071822,2020,6,209.70969364069302
20071822,2020,5,214.29374704997377
20071822,2020,4,207.93145560134727
20071822,2020,3,196.78876280288034
20071822,2020,2,171.3925264733112
20071822,2020,1,159.97047648416313
20071822,2019,12,197.07390341046235
20071822,2019,11,202.48519988692948
20071822,2019,10,253.410166350818
20071822,2019,9,255.558336053496
20071822,2019,8,219.3684793069426
20071822,2019,7,215.0755037449563
20071822,2019,6,228.4962660832937
20071822,2019,5,237.0453329185176
20071822,2019,4,226.41901892830677
20071822,2019,3,214.88711230038848
20071822,2019,2,188.38019075655848
20071822,2019,1,177.58660454383326
20071822,2018,12,215.75679460905837
20071822,2018,11,219.90391913705975
20071822,2018,10,265.3957349878344
20071822,2018,9,274.26555294476634
20071822,2018,8,233.19986436032724
20071822,2018,7,232.06020902634728
14031879,2021,6,186.61647823696947
14031879,2021,5,199.41366118075445
14031879,2021,4,191.39936273183739
14031879,2021,3,183.18531622463047
14031879,2021,2,155.0292383071651
14031879,2021,1,146.53497796341634
14031879,2020,12,177.03965923364012
14031879,2020,11,184.61304946660033
14031879,2020,10,227.82098377202618
14031879,2020,9,230.09099764822167
14031879,2020,8,199.86962635893642
14031879,2020,7,195.0080234153623
14031879,2020,6,208.02714075790448
14031879,2020,5,218.32009955438866
14031879,2020,4,209.5551794846864
14031879,2020,3,198.91802529069997
14031879,2020,2,168.21822758566037
14031879,2020,1,163.5541768332211
14031879,2019,12,197.44332249936406
14031879,2019,11,199.5714738938536
14031879,2019,10,249.52711237589787
14031879,2019,9,251.50993975635117
14031879,2019,8,222.0247725029626
14031879,2019,7,216.4715975050249
14031879,2019,6,230.09658819442078
14031879,2019,5,237.66749246815496
14031879,2019,4,227.24418530858674
14031879,2019,3,217.55341972904506
14031879,2019,2,188.2764460211288
14031879,2019,1,181.67510318822866
14031879,2018,12,211.00936767084798
14031879,2018,11,216.74810211158712
14031879,2018,10,273.01966777321456
14031879,2018,9,273.67350256282873
14031879,2018,8,233.45163539837074
14031879,2018,7,230.400813552102
